32352104,entity/text/news/tweet/38585,0,1,0,0
11382239,entity/text/news/tweet/38585,0,0,1,0
14353703,entity/text/news/tweet/38585,0,0,1,0
3587109,entity/text/news/tweet/38585,0,1,0,0
2143114,entity/text/news/tweet/38585,1,0,0,0
29155723,entity/text/news/tweet/38585,0,0,1,0
31184650,entity/text/news/tweet/38585,0,1,0,0
29849805,entity/text/news/tweet/38585,1,0,0,0
14086483,entity/text/news/tweet/38585,0,1,0,0
29216801,entity/text/news/tweet/38585,0,1,0,0
31906954,entity/text/news/tweet/38585,0,1,0,0
28524232,entity/text/news/tweet/38585,0,1,0,0
22166359,entity/text/news/tweet/38585,0,0,1,0
33565158,entity/text/news/tweet/38585,0,0,1,0
33271440,entity/text/news/tweet/38585,0,0,0,1
31256687,entity/text/news/tweet/38585,0,1,0,0
19913374,entity/text/news/tweet/38585,0,1,0,0
18990100,entity/text/news/tweet/38585,0,0,1,0
20113482,entity/text/news/tweet/38585,0,0,0,1
23503585,entity/text/news/tweet/38585,0,1,0,0
32292681,entity/text/news/tweet/38585,0,1,0,0
28103910,entity/text/news/tweet/38585,0,1,0,0
24449707,entity/text/news/tweet/38585,0,0,1,0
20043586,entity/text/news/tweet/38585,0,0,1,0
6488338,entity/text/news/tweet/38585,0,0,1,0
20929875,entity/text/news/tweet/38585,0,0,1,0
28351359,entity/text/news/tweet/38585,0,0,1,0
13581319,entity/text/news/tweet/38585,0,0,1,0
8260660,entity/text/news/tweet/38585,0,0,1,0
33386576,entity/text/news/tweet/38585,1,0,0,0
31256687,entity/text/news/tweet/38670,0,1,0,0
19913374,entity/text/news/tweet/38670,0,1,0,0
18990100,entity/text/news/tweet/38670,0,0,1,0
20113482,entity/text/news/tweet/38670,0,0,1,0
23503585,entity/text/news/tweet/38670,0,1,0,0
32292681,entity/text/news/tweet/38670,0,1,0,0
28103910,entity/text/news/tweet/38670,0,1,0,0
24449707,entity/text/news/tweet/38670,0,0,1,0
20043586,entity/text/news/tweet/38670,0,0,1,0
6488338,entity/text/news/tweet/38670,1,0,0,0
20929875,entity/text/news/tweet/38670,0,0,1,0
28351359,entity/text/news/tweet/38670,0,0,1,0
13581319,entity/text/news/tweet/38670,0,0,1,0
8260660,entity/text/news/tweet/38670,1,0,0,0
30326470,entity/text/news/tweet/38670,0,1,0,0
32352104,entity/text/news/tweet/38670,0,1,0,0
11382239,entity/text/news/tweet/38670,0,0,1,0
14353703,entity/text/news/tweet/38670,1,0,0,0
3587109,entity/text/news/tweet/38670,0,1,0,0
2143114,entity/text/news/tweet/38670,1,0,0,0
29155723,entity/text/news/tweet/38670,0,0,1,0
31184650,entity/text/news/tweet/38670,0,1,0,0
29849805,entity/text/news/tweet/38670,1,0,0,0
29216801,entity/text/news/tweet/38670,0,1,0,0
14086483,entity/text/news/tweet/38670,0,1,0,0
31906954,entity/text/news/tweet/38670,0,1,0,0
28524232,entity/text/news/tweet/38670,0,0,1,0
22166359,entity/text/news/tweet/38670,0,0,1,0
33565158,entity/text/news/tweet/38670,0,0,1,0
33271440,entity/text/news/tweet/38670,0,0,0,1
33386576,entity/text/news/tweet/38794,0,0,1,0
30326470,entity/text/news/tweet/38794,0,1,0,0
32352104,entity/text/news/tweet/38794,0,1,0,0
11382239,entity/text/news/tweet/38794,1,0,0,0
14353703,entity/text/news/tweet/38794,1,0,0,0
3587109,entity/text/news/tweet/38794,0,1,0,0
29155723,entity/text/news/tweet/38794,0,1,0,0
2143114,entity/text/news/tweet/38794,1,0,0,0
31184650,entity/text/news/tweet/38794,0,1,0,0
29849805,entity/text/news/tweet/38794,0,0,1,0
14086483,entity/text/news/tweet/38794,0,1,0,0
28524232,entity/text/news/tweet/38794,0,1,0,0
29216801,entity/text/news/tweet/38794,0,1,0,0
31906954,entity/text/news/tweet/38794,0,1,0,0
33565158,entity/text/news/tweet/38794,0,1,0,0
31256687,entity/text/news/tweet/38794,0,1,0,0
19913374,entity/text/news/tweet/38794,0,1,0,0
18990100,entity/text/news/tweet/38794,1,0,0,0
20113482,entity/text/news/tweet/38794,0,0,1,0
23503585,entity/text/news/tweet/38794,0,1,0,0
32292681,entity/text/news/tweet/38794,0,1,0,0
28103910,entity/text/news/tweet/38794,0,1,0,0
24449707,entity/text/news/tweet/38794,1,0,0,0
20043586,entity/text/news/tweet/38794,0,0,1,0
6488338,entity/text/news/tweet/38794,0,1,0,0
28351359,entity/text/news/tweet/38794,0,0,1,0
13581319,entity/text/news/tweet/38794,0,0,1,0
20929875,entity/text/news/tweet/38794,1,0,0,0
8260660,entity/text/news/tweet/38794,0,0,1,0
33386576,entity/text/news/tweet/38794,1,0,0,0
32352104,entity/text/news/tweet/38775,0,1,0,0
11382239,entity/text/news/tweet/38775,0,1,0,0
14353703,entity/text/news/tweet/38775,1,0,0,0
3587109,entity/text/news/tweet/38775,0,1,0,0
29155723,entity/text/news/tweet/38775,0,1,0,0
2143114,entity/text/news/tweet/38775,1,0,0,0
31184650,entity/text/news/tweet/38775,0,1,0,0
29849805,entity/text/news/tweet/38775,1,0,0,0
14086483,entity/text/news/tweet/38775,0,1,0,0
29216801,entity/text/news/tweet/38775,0,1,0,0
28524232,entity/text/news/tweet/38775,0,0,1,0
31906954,entity/text/news/tweet/38775,0,1,0,0
33565158,entity/text/news/tweet/38775,0,1,0,0
22166359,entity/text/news/tweet/38775,1,0,0,0
33271440,entity/text/news/tweet/38775,0,0,0,1
31256687,entity/text/news/tweet/38775,0,1,0,0
19913374,entity/text/news/tweet/38775,0,1,0,0
18990100,entity/text/news/tweet/38775,0,0,1,0
20113482,entity/text/news/tweet/38775,0,0,1,0
23503585,entity/text/news/tweet/38775,0,1,0,0
32292681,entity/text/news/tweet/38775,0,1,0,0
28103910,entity/text/news/tweet/38775,0,1,0,0
24449707,entity/text/news/tweet/38775,0,0,1,0
20043586,entity/text/news/tweet/38775,0,1,0,0
6488338,entity/text/news/tweet/38775,0,1,0,0
28351359,entity/text/news/tweet/38775,0,0,1,0
13581319,entity/text/news/tweet/38775,0,0,1,0
8260660,entity/text/news/tweet/38775,0,0,1,0
33386576,entity/text/news/tweet/38775,1,0,0,0
30326470,entity/text/news/tweet/38775,0,1,0,0
31256687,entity/text/news/tweet/38805,0,1,0,0
19913374,entity/text/news/tweet/38805,0,1,0,0
18990100,entity/text/news/tweet/38805,0,0,1,0
20113482,entity/text/news/tweet/38805,0,1,0,0
23503585,entity/text/news/tweet/38805,0,1,0,0
32292681,entity/text/news/tweet/38805,0,1,0,0
28103910,entity/text/news/tweet/38805,0,1,0,0
24449707,entity/text/news/tweet/38805,0,0,1,0
20929875,entity/text/news/tweet/38805,0,1,0,0
20043586,entity/text/news/tweet/38805,1,0,0,0
6488338,entity/text/news/tweet/38805,0,1,0,0
28351359,entity/text/news/tweet/38805,0,0,1,0
13581319,entity/text/news/tweet/38805,1,0,0,0
8260660,entity/text/news/tweet/38805,1,0,0,0
30326470,entity/text/news/tweet/38805,0,1,0,0
33386576,entity/text/news/tweet/38805,0,0,1,0
30326470,entity/text/news/tweet/38805,0,1,0,0
32352104,entity/text/news/tweet/38805,0,1,0,0
20929875,entity/text/news/tweet/38805,0,1,0,0
11382239,entity/text/news/tweet/38805,0,0,1,0
14353703,entity/text/news/tweet/38805,0,0,1,0
29155723,entity/text/news/tweet/38805,0,0,1,0
3587109,entity/text/news/tweet/38805,0,1,0,0
2143114,entity/text/news/tweet/38805,1,0,0,0
31184650,entity/text/news/tweet/38805,0,1,0,0
29849805,entity/text/news/tweet/38805,0,1,0,0
14086483,entity/text/news/tweet/38805,0,1,0,0
28524232,entity/text/news/tweet/38805,0,0,1,0
29216801,entity/text/news/tweet/38805,0,1,0,0
33565158,entity/text/news/tweet/38805,0,1,0,0
33271440,entity/text/news/tweet/38820,0,0,0,1
31861996,entity/text/news/tweet/38820,0,1,0,0
33761260,entity/text/news/tweet/38820,0,0,1,0
31865609,entity/text/news/tweet/38820,0,1,0,0
29216689,entity/text/news/tweet/38820,0,1,0,0
33294824,entity/text/news/tweet/38820,0,0,1,0
23804661,entity/text/news/tweet/38820,0,1,0,0
31695021,entity/text/news/tweet/38820,0,0,1,0
29216552,entity/text/news/tweet/38820,0,1,0,0
32916723,entity/text/news/tweet/38820,0,1,0,0
31827582,entity/text/news/tweet/38820,0,0,1,0
28513920,entity/text/news/tweet/38820,0,0,0,1
31304413,entity/text/news/tweet/38820,0,0,1,0
33798502,entity/text/news/tweet/38820,0,1,0,0
27934334,entity/text/news/tweet/38820,0,1,0,0
31256687,entity/text/news/tweet/38820,0,1,0,0
19913374,entity/text/news/tweet/38820,0,1,0,0
18990100,entity/text/news/tweet/38820,0,0,1,0
20113482,entity/text/news/tweet/38820,0,0,1,0
23503585,entity/text/news/tweet/38820,0,1,0,0
32292681,entity/text/news/tweet/38820,0,1,0,0
28103910,entity/text/news/tweet/38820,0,1,0,0
24449707,entity/text/news/tweet/38820,0,0,1,0
20043586,entity/text/news/tweet/38820,0,0,1,0
6488338,entity/text/news/tweet/38820,0,1,0,0
28351359,entity/text/news/tweet/38820,0,0,1,0
13581319,entity/text/news/tweet/38820,0,0,1,0
20929875,entity/text/news/tweet/38820,0,0,1,0
8260660,entity/text/news/tweet/38820,1,0,0,0
33386576,entity/text/news/tweet/38820,0,0,1,0
31256687,entity/text/news/tweet/38895,0,1,0,0
19913374,entity/text/news/tweet/38895,0,1,0,0
18990100,entity/text/news/tweet/38895,0,0,1,0
20113482,entity/text/news/tweet/38895,0,1,0,0
23503585,entity/text/news/tweet/38895,0,1,0,0
32292681,entity/text/news/tweet/38895,0,1,0,0
28103910,entity/text/news/tweet/38895,0,1,0,0
24449707,entity/text/news/tweet/38895,0,0,1,0
20043586,entity/text/news/tweet/38895,0,1,0,0
20929875,entity/text/news/tweet/38895,0,1,0,0
6488338,entity/text/news/tweet/38895,0,1,0,0
28351359,entity/text/news/tweet/38895,0,0,1,0
13581319,entity/text/news/tweet/38895,0,0,1,0
8260660,entity/text/news/tweet/38895,1,0,0,0
30326470,entity/text/news/tweet/38895,0,1,0,0
31256687,entity/text/news/tweet/38940,0,1,0,0
19913374,entity/text/news/tweet/38940,0,1,0,0
18990100,entity/text/news/tweet/38940,0,1,0,0
20113482,entity/text/news/tweet/38940,0,0,1,0
23503585,entity/text/news/tweet/38940,0,1,0,0
32292681,entity/text/news/tweet/38940,0,1,0,0
28103910,entity/text/news/tweet/38940,0,1,0,0
24449707,entity/text/news/tweet/38940,0,0,1,0
20043586,entity/text/news/tweet/38940,1,0,0,0
6488338,entity/text/news/tweet/38940,1,0,0,0
20929875,entity/text/news/tweet/38940,0,0,1,0
28351359,entity/text/news/tweet/38940,0,0,1,0
13581319,entity/text/news/tweet/38940,0,0,1,0
8260660,entity/text/news/tweet/38940,1,0,0,0
30326470,entity/text/news/tweet/38940,0,1,0,0
32352104,entity/text/news/tweet/38731,0,0,1,0
11382239,entity/text/news/tweet/38731,0,0,1,0
14353703,entity/text/news/tweet/38731,1,0,0,0
3587109,entity/text/news/tweet/38731,0,1,0,0
2143114,entity/text/news/tweet/38731,1,0,0,0
29155723,entity/text/news/tweet/38731,0,0,1,0
31184650,entity/text/news/tweet/38731,0,1,0,0
29849805,entity/text/news/tweet/38731,1,0,0,0
29216801,entity/text/news/tweet/38731,0,1,0,0
14086483,entity/text/news/tweet/38731,0,0,1,0
31906954,entity/text/news/tweet/38731,0,1,0,0
28524232,entity/text/news/tweet/38731,0,0,1,0
22166359,entity/text/news/tweet/38731,0,0,1,0
33565158,entity/text/news/tweet/38731,0,0,1,0
33271440,entity/text/news/tweet/38731,0,0,0,1
31906954,entity/text/news/tweet/38678,0,1,0,0
22166359,entity/text/news/tweet/38678,0,0,1,0
33565158,entity/text/news/tweet/38678,0,0,1,0
33271440,entity/text/news/tweet/38678,0,0,0,1
33761260,entity/text/news/tweet/38678,0,0,1,0
31861996,entity/text/news/tweet/38678,0,1,0,0
6344072,entity/text/news/tweet/38678,0,1,0,0
31865609,entity/text/news/tweet/38678,0,1,0,0
29216689,entity/text/news/tweet/38678,0,1,0,0
33294824,entity/text/news/tweet/38678,0,1,0,0
23804661,entity/text/news/tweet/38678,0,1,0,0
31695021,entity/text/news/tweet/38678,0,1,0,0
29216552,entity/text/news/tweet/38678,0,1,0,0
32916723,entity/text/news/tweet/38678,0,1,0,0
31827582,entity/text/news/tweet/38678,1,0,0,0
31256687,entity/text/news/tweet/38767,0,1,0,0
19913374,entity/text/news/tweet/38767,0,1,0,0
18990100,entity/text/news/tweet/38767,0,0,1,0
20113482,entity/text/news/tweet/38767,0,0,1,0
23503585,entity/text/news/tweet/38767,0,1,0,0
32292681,entity/text/news/tweet/38767,0,1,0,0
28103910,entity/text/news/tweet/38767,0,1,0,0
24449707,entity/text/news/tweet/38767,0,0,1,0
20043586,entity/text/news/tweet/38767,0,1,0,0
6488338,entity/text/news/tweet/38767,0,1,0,0
28351359,entity/text/news/tweet/38767,0,0,1,0
13581319,entity/text/news/tweet/38767,0,0,1,0
8260660,entity/text/news/tweet/38767,0,0,1,0
20929875,entity/text/news/tweet/38767,0,1,0,0
33386576,entity/text/news/tweet/38767,0,0,0,1
22166359,entity/text/news/tweet/38739,0,0,1,0
33565158,entity/text/news/tweet/38739,0,1,0,0
33271440,entity/text/news/tweet/38739,0,0,0,1
33761260,entity/text/news/tweet/38739,1,0,0,0
31861996,entity/text/news/tweet/38739,0,1,0,0
6344072,entity/text/news/tweet/38739,1,0,0,0
31865609,entity/text/news/tweet/38739,0,1,0,0
29216689,entity/text/news/tweet/38739,0,1,0,0
33294824,entity/text/news/tweet/38739,0,1,0,0
23804661,entity/text/news/tweet/38739,0,1,0,0
31695021,entity/text/news/tweet/38739,0,1,0,0
29216552,entity/text/news/tweet/38739,0,1,0,0
32916723,entity/text/news/tweet/38739,0,1,0,0
31827582,entity/text/news/tweet/38739,1,0,0,0
28513920,entity/text/news/tweet/38739,0,0,0,1
32352104,entity/text/news/tweet/38818,0,1,0,0
11382239,entity/text/news/tweet/38818,1,0,0,0
14353703,entity/text/news/tweet/38818,1,0,0,0
3587109,entity/text/news/tweet/38818,0,1,0,0
29155723,entity/text/news/tweet/38818,0,1,0,0
2143114,entity/text/news/tweet/38818,1,0,0,0
31184650,entity/text/news/tweet/38818,0,1,0,0
29849805,entity/text/news/tweet/38818,0,0,0,1
14086483,entity/text/news/tweet/38818,0,1,0,0
29216801,entity/text/news/tweet/38818,0,1,0,0
28524232,entity/text/news/tweet/38818,1,0,0,0
31906954,entity/text/news/tweet/38818,0,1,0,0
33565158,entity/text/news/tweet/38818,0,1,0,0
22166359,entity/text/news/tweet/38818,0,0,1,0
33271440,entity/text/news/tweet/38818,0,0,0,1
22166359,entity/text/news/tweet/38645,1,0,0,0
33565158,entity/text/news/tweet/38645,1,0,0,0
33271440,entity/text/news/tweet/38645,0,0,0,1
33761260,entity/text/news/tweet/38645,1,0,0,0
31861996,entity/text/news/tweet/38645,0,1,0,0
6344072,entity/text/news/tweet/38645,1,0,0,0
31865609,entity/text/news/tweet/38645,0,1,0,0
29216689,entity/text/news/tweet/38645,0,1,0,0
33294824,entity/text/news/tweet/38645,0,1,0,0
23804661,entity/text/news/tweet/38645,0,1,0,0
31695021,entity/text/news/tweet/38645,1,0,0,0
29216552,entity/text/news/tweet/38645,0,1,0,0
32916723,entity/text/news/tweet/38645,0,1,0,0
31827582,entity/text/news/tweet/38645,1,0,0,0
28513920,entity/text/news/tweet/38645,0,0,0,1
31256687,entity/text/news/tweet/38645,0,1,0,0
19913374,entity/text/news/tweet/38645,0,1,0,0
18990100,entity/text/news/tweet/38645,0,0,1,0
20113482,entity/text/news/tweet/38645,0,1,0,0
23503585,entity/text/news/tweet/38645,0,1,0,0
32292681,entity/text/news/tweet/38645,0,1,0,0
28103910,entity/text/news/tweet/38645,0,1,0,0
24449707,entity/text/news/tweet/38645,0,0,1,0
20043586,entity/text/news/tweet/38645,0,0,1,0
6488338,entity/text/news/tweet/38645,0,1,0,0
28351359,entity/text/news/tweet/38645,0,0,1,0
13581319,entity/text/news/tweet/38645,0,0,1,0
8260660,entity/text/news/tweet/38645,1,0,0,0
33386576,entity/text/news/tweet/38645,0,0,1,0
30326470,entity/text/news/tweet/38645,0,1,0,0
33386576,entity/text/news/tweet/38908,1,0,0,0
30326470,entity/text/news/tweet/38908,0,1,0,0
32352104,entity/text/news/tweet/38908,1,0,0,0
11382239,entity/text/news/tweet/38908,1,0,0,0
14353703,entity/text/news/tweet/38908,1,0,0,0
3587109,entity/text/news/tweet/38908,0,1,0,0
29155723,entity/text/news/tweet/38908,1,0,0,0
2143114,entity/text/news/tweet/38908,1,0,0,0
31184650,entity/text/news/tweet/38908,0,1,0,0
29849805,entity/text/news/tweet/38908,1,0,0,0
14086483,entity/text/news/tweet/38908,0,1,0,0
28524232,entity/text/news/tweet/38908,1,0,0,0
29216801,entity/text/news/tweet/38908,0,1,0,0
31906954,entity/text/news/tweet/38908,0,1,0,0
33565158,entity/text/news/tweet/38908,1,0,0,0
31256687,entity/text/news/tweet/38908,0,1,0,0
19913374,entity/text/news/tweet/38908,0,1,0,0
18990100,entity/text/news/tweet/38908,0,0,1,0
20113482,entity/text/news/tweet/38908,0,1,0,0
23503585,entity/text/news/tweet/38908,0,1,0,0
32292681,entity/text/news/tweet/38908,0,1,0,0
28103910,entity/text/news/tweet/38908,0,1,0,0
24449707,entity/text/news/tweet/38908,0,0,1,0
20043586,entity/text/news/tweet/38908,1,0,0,0
6488338,entity/text/news/tweet/38908,1,0,0,0
28351359,entity/text/news/tweet/38908,1,0,0,0
13581319,entity/text/news/tweet/38908,0,0,1,0
20929875,entity/text/news/tweet/38908,0,1,0,0
8260660,entity/text/news/tweet/38908,1,0,0,0
33386576,entity/text/news/tweet/38908,0,0,1,0
31256687,entity/text/news/tweet/38650,0,1,0,0
19913374,entity/text/news/tweet/38650,0,1,0,0
18990100,entity/text/news/tweet/38650,0,0,1,0
20113482,entity/text/news/tweet/38650,0,0,0,1
23503585,entity/text/news/tweet/38650,0,1,0,0
32292681,entity/text/news/tweet/38650,0,1,0,0
28103910,entity/text/news/tweet/38650,0,1,0,0
24449707,entity/text/news/tweet/38650,0,0,1,0
20043586,entity/text/news/tweet/38650,0,1,0,0
20929875,entity/text/news/tweet/38650,0,1,0,0
6488338,entity/text/news/tweet/38650,0,1,0,0
28351359,entity/text/news/tweet/38650,1,0,0,0
13581319,entity/text/news/tweet/38650,0,0,1,0
8260660,entity/text/news/tweet/38650,1,0,0,0
30326470,entity/text/news/tweet/38650,0,1,0,0
31256687,entity/text/news/tweet/38650,0,1,0,0
19913374,entity/text/news/tweet/38650,0,1,0,0
18990100,entity/text/news/tweet/38650,0,0,1,0
20113482,entity/text/news/tweet/38650,0,0,0,1
23503585,entity/text/news/tweet/38650,0,1,0,0
32292681,entity/text/news/tweet/38650,0,1,0,0
28103910,entity/text/news/tweet/38650,0,1,0,0
24449707,entity/text/news/tweet/38650,0,0,1,0
20043586,entity/text/news/tweet/38650,0,0,1,0
6488338,entity/text/news/tweet/38650,0,1,0,0
28351359,entity/text/news/tweet/38650,0,0,1,0
13581319,entity/text/news/tweet/38650,0,0,1,0
8260660,entity/text/news/tweet/38650,1,0,0,0
20929875,entity/text/news/tweet/38650,0,0,1,0
33386576,entity/text/news/tweet/38650,0,0,1,0
31256687,entity/text/news/tweet/38599,0,1,0,0
19913374,entity/text/news/tweet/38599,0,1,0,0
18990100,entity/text/news/tweet/38599,1,0,0,0
20113482,entity/text/news/tweet/38599,0,1,0,0
23503585,entity/text/news/tweet/38599,0,1,0,0
32292681,entity/text/news/tweet/38599,0,1,0,0
28103910,entity/text/news/tweet/38599,0,1,0,0
24449707,entity/text/news/tweet/38599,1,0,0,0
20043586,entity/text/news/tweet/38599,0,1,0,0
6488338,entity/text/news/tweet/38599,1,0,0,0
20929875,entity/text/news/tweet/38599,0,1,0,0
28351359,entity/text/news/tweet/38599,1,0,0,0
13581319,entity/text/news/tweet/38599,0,0,1,0
8260660,entity/text/news/tweet/38599,1,0,0,0
33386576,entity/text/news/tweet/38599,0,0,0,1
32352104,entity/text/news/tweet/38599,0,1,0,0
11382239,entity/text/news/tweet/38599,0,0,1,0
14353703,entity/text/news/tweet/38599,1,0,0,0
3587109,entity/text/news/tweet/38599,0,1,0,0
2143114,entity/text/news/tweet/38599,1,0,0,0
29155723,entity/text/news/tweet/38599,0,1,0,0
31184650,entity/text/news/tweet/38599,0,1,0,0
29849805,entity/text/news/tweet/38599,1,0,0,0
29216801,entity/text/news/tweet/38599,0,1,0,0
14086483,entity/text/news/tweet/38599,0,1,0,0
31906954,entity/text/news/tweet/38599,0,1,0,0
28524232,entity/text/news/tweet/38599,0,1,0,0
22166359,entity/text/news/tweet/38599,0,0,1,0
33565158,entity/text/news/tweet/38599,0,0,1,0
33271440,entity/text/news/tweet/38599,0,0,0,1
31256687,entity/text/news/tweet/38756,0,1,0,0
19913374,entity/text/news/tweet/38756,0,1,0,0
18990100,entity/text/news/tweet/38756,1,0,0,0
20113482,entity/text/news/tweet/38756,0,1,0,0
23503585,entity/text/news/tweet/38756,0,1,0,0
32292681,entity/text/news/tweet/38756,0,1,0,0
28103910,entity/text/news/tweet/38756,0,1,0,0
24449707,entity/text/news/tweet/38756,1,0,0,0
20043586,entity/text/news/tweet/38756,1,0,0,0
6488338,entity/text/news/tweet/38756,1,0,0,0
28351359,entity/text/news/tweet/38756,1,0,0,0
13581319,entity/text/news/tweet/38756,0,0,1,0
8260660,entity/text/news/tweet/38756,1,0,0,0
30326470,entity/text/news/tweet/38756,0,1,0,0
20929875,entity/text/news/tweet/38756,1,0,0,0
33271440,entity/text/news/tweet/38756,0,0,0,1
31861996,entity/text/news/tweet/38756,0,1,0,0
33761260,entity/text/news/tweet/38756,0,1,0,0
31865609,entity/text/news/tweet/38756,0,1,0,0
29216689,entity/text/news/tweet/38756,0,1,0,0
33294824,entity/text/news/tweet/38756,0,1,0,0
23804661,entity/text/news/tweet/38756,0,1,0,0
31695021,entity/text/news/tweet/38756,0,1,0,0
29216552,entity/text/news/tweet/38756,0,1,0,0
32916723,entity/text/news/tweet/38756,0,1,0,0
31827582,entity/text/news/tweet/38756,1,0,0,0
28513920,entity/text/news/tweet/38756,0,0,0,1
31304413,entity/text/news/tweet/38756,0,0,1,0
33798502,entity/text/news/tweet/38756,0,1,0,0
27934334,entity/text/news/tweet/38756,0,1,0,0
33386576,entity/text/news/tweet/38994,0,0,0,1
30326470,entity/text/news/tweet/38994,0,1,0,0
32352104,entity/text/news/tweet/38994,0,1,0,0
20929875,entity/text/news/tweet/38994,1,0,0,0
11382239,entity/text/news/tweet/38994,1,0,0,0
14353703,entity/text/news/tweet/38994,1,0,0,0
29155723,entity/text/news/tweet/38994,1,0,0,0
3587109,entity/text/news/tweet/38994,0,1,0,0
2143114,entity/text/news/tweet/38994,0,0,1,0
31184650,entity/text/news/tweet/38994,0,1,0,0
29849805,entity/text/news/tweet/38994,1,0,0,0
14086483,entity/text/news/tweet/38994,0,1,0,0
28524232,entity/text/news/tweet/38994,1,0,0,0
29216801,entity/text/news/tweet/38994,0,1,0,0
33565158,entity/text/news/tweet/38994,1,0,0,0
32352104,entity/text/news/tweet/38994,0,1,0,0
11382239,entity/text/news/tweet/38994,1,0,0,0
14353703,entity/text/news/tweet/38994,1,0,0,0
3587109,entity/text/news/tweet/38994,0,1,0,0
2143114,entity/text/news/tweet/38994,1,0,0,0
29155723,entity/text/news/tweet/38994,0,1,0,0
31184650,entity/text/news/tweet/38994,0,1,0,0
29849805,entity/text/news/tweet/38994,0,0,1,0
14086483,entity/text/news/tweet/38994,0,1,0,0
29216801,entity/text/news/tweet/38994,0,1,0,0
31906954,entity/text/news/tweet/38994,0,1,0,0
28524232,entity/text/news/tweet/38994,0,1,0,0
22166359,entity/text/news/tweet/38994,1,0,0,0
33565158,entity/text/news/tweet/38994,0,1,0,0
33271440,entity/text/news/tweet/38994,0,0,0,1
32352104,entity/text/news/tweet/38874,1,0,0,0
11382239,entity/text/news/tweet/38874,1,0,0,0
14353703,entity/text/news/tweet/38874,1,0,0,0
3587109,entity/text/news/tweet/38874,0,1,0,0
2143114,entity/text/news/tweet/38874,1,0,0,0
29155723,entity/text/news/tweet/38874,1,0,0,0
31184650,entity/text/news/tweet/38874,0,1,0,0
29849805,entity/text/news/tweet/38874,1,0,0,0
14086483,entity/text/news/tweet/38874,0,1,0,0
29216801,entity/text/news/tweet/38874,0,1,0,0
31906954,entity/text/news/tweet/38874,0,1,0,0
28524232,entity/text/news/tweet/38874,1,0,0,0
22166359,entity/text/news/tweet/38874,1,0,0,0
33565158,entity/text/news/tweet/38874,1,0,0,0
33271440,entity/text/news/tweet/38874,0,0,0,1
31256687,entity/text/news/tweet/38874,0,1,0,0
19913374,entity/text/news/tweet/38874,0,1,0,0
18990100,entity/text/news/tweet/38874,0,0,1,0
20113482,entity/text/news/tweet/38874,0,1,0,0
23503585,entity/text/news/tweet/38874,0,1,0,0
32292681,entity/text/news/tweet/38874,0,1,0,0
28103910,entity/text/news/tweet/38874,0,1,0,0
24449707,entity/text/news/tweet/38874,1,0,0,0
20043586,entity/text/news/tweet/38874,1,0,0,0
6488338,entity/text/news/tweet/38874,1,0,0,0
28351359,entity/text/news/tweet/38874,1,0,0,0
13581319,entity/text/news/tweet/38874,0,0,1,0
8260660,entity/text/news/tweet/38874,1,0,0,0
30326470,entity/text/news/tweet/38874,0,1,0,0
20929875,entity/text/news/tweet/38874,0,1,0,0
32352104,entity/text/news/tweet/38766,0,1,0,0
11382239,entity/text/news/tweet/38766,0,1,0,0
14353703,entity/text/news/tweet/38766,1,0,0,0
3587109,entity/text/news/tweet/38766,0,1,0,0
2143114,entity/text/news/tweet/38766,1,0,0,0
29155723,entity/text/news/tweet/38766,0,1,0,0
31184650,entity/text/news/tweet/38766,0,1,0,0
29849805,entity/text/news/tweet/38766,0,1,0,0
14086483,entity/text/news/tweet/38766,0,1,0,0
29216801,entity/text/news/tweet/38766,0,1,0,0
31906954,entity/text/news/tweet/38766,0,1,0,0
28524232,entity/text/news/tweet/38766,1,0,0,0
22166359,entity/text/news/tweet/38766,0,1,0,0
33565158,entity/text/news/tweet/38766,1,0,0,0
33271440,entity/text/news/tweet/38766,0,0,0,1
31256687,entity/text/news/tweet/38766,0,1,0,0
19913374,entity/text/news/tweet/38766,0,1,0,0
18990100,entity/text/news/tweet/38766,0,0,1,0
20113482,entity/text/news/tweet/38766,0,0,1,0
23503585,entity/text/news/tweet/38766,0,1,0,0
32292681,entity/text/news/tweet/38766,0,1,0,0
28103910,entity/text/news/tweet/38766,0,1,0,0
24449707,entity/text/news/tweet/38766,0,0,1,0
20929875,entity/text/news/tweet/38766,0,1,0,0
20043586,entity/text/news/tweet/38766,0,1,0,0
6488338,entity/text/news/tweet/38766,0,1,0,0
28351359,entity/text/news/tweet/38766,0,0,1,0
13581319,entity/text/news/tweet/38766,0,0,1,0
8260660,entity/text/news/tweet/38766,1,0,0,0
30326470,entity/text/news/tweet/38766,0,1,0,0
33386576,entity/text/news/tweet/39005,1,0,0,0
30326470,entity/text/news/tweet/39005,0,1,0,0
32352104,entity/text/news/tweet/39005,0,0,0,1
11382239,entity/text/news/tweet/39005,0,0,1,0
14353703,entity/text/news/tweet/39005,0,0,0,1
3587109,entity/text/news/tweet/39005,0,0,0,1
29155723,entity/text/news/tweet/39005,0,1,0,0
2143114,entity/text/news/tweet/39005,1,0,0,0
31184650,entity/text/news/tweet/39005,0,0,0,1
29849805,entity/text/news/tweet/39005,1,0,0,0
14086483,entity/text/news/tweet/39005,0,0,0,1
28524232,entity/text/news/tweet/39005,1,0,0,0
29216801,entity/text/news/tweet/39005,0,0,0,1
31906954,entity/text/news/tweet/39005,0,0,0,1
22166359,entity/text/news/tweet/39005,0,1,0,0
33386576,entity/text/news/tweet/39005,0,0,1,0
30326470,entity/text/news/tweet/39005,0,1,0,0
32352104,entity/text/news/tweet/39005,0,0,0,1
11382239,entity/text/news/tweet/39005,0,0,1,0
14353703,entity/text/news/tweet/39005,0,0,0,1
3587109,entity/text/news/tweet/39005,0,0,0,1
29155723,entity/text/news/tweet/39005,0,0,1,0
2143114,entity/text/news/tweet/39005,1,0,0,0
31184650,entity/text/news/tweet/39005,0,0,0,1
29849805,entity/text/news/tweet/39005,1,0,0,0
14086483,entity/text/news/tweet/39005,0,0,0,1
29216801,entity/text/news/tweet/39005,0,0,0,1
28524232,entity/text/news/tweet/39005,0,0,1,0
31906954,entity/text/news/tweet/39005,0,0,0,1
22166359,entity/text/news/tweet/39005,1,0,0,0
33271440,entity/text/news/tweet/38580,0,0,0,1
31861996,entity/text/news/tweet/38580,0,1,0,0
33761260,entity/text/news/tweet/38580,0,1,0,0
31865609,entity/text/news/tweet/38580,0,1,0,0
29216689,entity/text/news/tweet/38580,0,1,0,0
33294824,entity/text/news/tweet/38580,0,1,0,0
23804661,entity/text/news/tweet/38580,0,1,0,0
31695021,entity/text/news/tweet/38580,0,1,0,0
29216552,entity/text/news/tweet/38580,0,1,0,0
32916723,entity/text/news/tweet/38580,0,1,0,0
31827582,entity/text/news/tweet/38580,1,0,0,0
28513920,entity/text/news/tweet/38580,0,0,0,1
31304413,entity/text/news/tweet/38580,0,0,1,0
33798502,entity/text/news/tweet/38580,0,1,0,0
27934334,entity/text/news/tweet/38580,0,0,0,1
31256687,entity/text/news/tweet/38580,0,1,0,0
19913374,entity/text/news/tweet/38580,0,1,0,0
18990100,entity/text/news/tweet/38580,0,0,1,0
20113482,entity/text/news/tweet/38580,0,0,1,0
23503585,entity/text/news/tweet/38580,0,1,0,0
32292681,entity/text/news/tweet/38580,0,1,0,0
28103910,entity/text/news/tweet/38580,0,1,0,0
24449707,entity/text/news/tweet/38580,1,0,0,0
20043586,entity/text/news/tweet/38580,0,0,1,0
6488338,entity/text/news/tweet/38580,0,1,0,0
28351359,entity/text/news/tweet/38580,1,0,0,0
13581319,entity/text/news/tweet/38580,0,0,1,0
20929875,entity/text/news/tweet/38580,0,0,1,0
8260660,entity/text/news/tweet/38580,1,0,0,0
33386576,entity/text/news/tweet/38580,1,0,0,0
33271440,entity/text/news/tweet/38598,0,0,0,1
31861996,entity/text/news/tweet/38598,0,1,0,0
33761260,entity/text/news/tweet/38598,0,0,1,0
31865609,entity/text/news/tweet/38598,0,1,0,0
29216689,entity/text/news/tweet/38598,0,1,0,0
33294824,entity/text/news/tweet/38598,0,1,0,0
23804661,entity/text/news/tweet/38598,0,1,0,0
31695021,entity/text/news/tweet/38598,1,0,0,0
29216552,entity/text/news/tweet/38598,0,1,0,0
32916723,entity/text/news/tweet/38598,0,1,0,0
31827582,entity/text/news/tweet/38598,1,0,0,0
28513920,entity/text/news/tweet/38598,0,1,0,0
31304413,entity/text/news/tweet/38598,1,0,0,0
33798502,entity/text/news/tweet/38598,0,1,0,0
27934334,entity/text/news/tweet/38598,0,0,0,1
33386576,entity/text/news/tweet/38598,0,0,1,0
30326470,entity/text/news/tweet/38598,0,1,0,0
32352104,entity/text/news/tweet/38598,0,1,0,0
11382239,entity/text/news/tweet/38598,1,0,0,0
14353703,entity/text/news/tweet/38598,1,0,0,0
3587109,entity/text/news/tweet/38598,0,1,0,0
29155723,entity/text/news/tweet/38598,0,1,0,0
2143114,entity/text/news/tweet/38598,1,0,0,0
31184650,entity/text/news/tweet/38598,0,1,0,0
29849805,entity/text/news/tweet/38598,0,0,1,0
14086483,entity/text/news/tweet/38598,0,1,0,0
28524232,entity/text/news/tweet/38598,0,1,0,0
29216801,entity/text/news/tweet/38598,0,1,0,0
31906954,entity/text/news/tweet/38598,0,1,0,0
22166359,entity/text/news/tweet/38598,1,0,0,0
31906954,entity/text/news/tweet/38939,0,1,0,0
22166359,entity/text/news/tweet/38939,1,0,0,0
33565158,entity/text/news/tweet/38939,1,0,0,0
33271440,entity/text/news/tweet/38939,0,0,0,1
33761260,entity/text/news/tweet/38939,0,0,1,0
31861996,entity/text/news/tweet/38939,0,1,0,0
6344072,entity/text/news/tweet/38939,1,0,0,0
31865609,entity/text/news/tweet/38939,0,1,0,0
29216689,entity/text/news/tweet/38939,0,1,0,0
33294824,entity/text/news/tweet/38939,0,1,0,0
23804661,entity/text/news/tweet/38939,0,1,0,0
31695021,entity/text/news/tweet/38939,1,0,0,0
29216552,entity/text/news/tweet/38939,0,1,0,0
32916723,entity/text/news/tweet/38939,0,1,0,0
31827582,entity/text/news/tweet/38939,1,0,0,0
33386576,entity/text/news/tweet/38939,0,0,1,0
30326470,entity/text/news/tweet/38939,0,1,0,0
32352104,entity/text/news/tweet/38939,0,1,0,0
11382239,entity/text/news/tweet/38939,0,0,1,0
14353703,entity/text/news/tweet/38939,1,0,0,0
3587109,entity/text/news/tweet/38939,0,1,0,0
29155723,entity/text/news/tweet/38939,0,0,1,0
2143114,entity/text/news/tweet/38939,1,0,0,0
31184650,entity/text/news/tweet/38939,0,1,0,0
29849805,entity/text/news/tweet/38939,1,0,0,0
14086483,entity/text/news/tweet/38939,0,1,0,0
29216801,entity/text/news/tweet/38939,0,1,0,0
28524232,entity/text/news/tweet/38939,0,0,1,0
31906954,entity/text/news/tweet/38939,0,1,0,0
22166359,entity/text/news/tweet/38939,0,0,1,0
22166359,entity/text/news/tweet/38778,0,0,1,0
33565158,entity/text/news/tweet/38778,0,0,1,0
33271440,entity/text/news/tweet/38778,0,0,0,1
33761260,entity/text/news/tweet/38778,0,0,1,0
31861996,entity/text/news/tweet/38778,0,1,0,0
6344072,entity/text/news/tweet/38778,0,0,1,0
31865609,entity/text/news/tweet/38778,0,1,0,0
29216689,entity/text/news/tweet/38778,0,1,0,0
33294824,entity/text/news/tweet/38778,0,1,0,0
23804661,entity/text/news/tweet/38778,0,1,0,0
31695021,entity/text/news/tweet/38778,0,0,1,0
29216552,entity/text/news/tweet/38778,0,1,0,0
32916723,entity/text/news/tweet/38778,0,1,0,0
31827582,entity/text/news/tweet/38778,0,0,1,0
28513920,entity/text/news/tweet/38778,0,0,0,1
33386576,entity/text/news/tweet/38778,0,0,1,0
30326470,entity/text/news/tweet/38778,0,1,0,0
32352104,entity/text/news/tweet/38778,0,0,1,0
11382239,entity/text/news/tweet/38778,0,0,1,0
14353703,entity/text/news/tweet/38778,0,0,1,0
3587109,entity/text/news/tweet/38778,0,1,0,0
29155723,entity/text/news/tweet/38778,0,0,1,0
2143114,entity/text/news/tweet/38778,0,0,1,0
31184650,entity/text/news/tweet/38778,0,1,0,0
29849805,entity/text/news/tweet/38778,0,0,1,0
14086483,entity/text/news/tweet/38778,0,1,0,0
28524232,entity/text/news/tweet/38778,0,0,1,0
29216801,entity/text/news/tweet/38778,0,1,0,0
31906954,entity/text/news/tweet/38778,0,1,0,0
33565158,entity/text/news/tweet/38778,0,0,1,0
31256687,entity/text/news/tweet/38778,0,1,0,0
19913374,entity/text/news/tweet/38778,0,1,0,0
18990100,entity/text/news/tweet/38778,1,0,0,0
20113482,entity/text/news/tweet/38778,0,0,0,1
23503585,entity/text/news/tweet/38778,0,1,0,0
32292681,entity/text/news/tweet/38778,0,1,0,0
28103910,entity/text/news/tweet/38778,0,1,0,0
24449707,entity/text/news/tweet/38778,1,0,0,0
20043586,entity/text/news/tweet/38778,0,1,0,0
20929875,entity/text/news/tweet/38778,0,1,0,0
6488338,entity/text/news/tweet/38778,0,1,0,0
28351359,entity/text/news/tweet/38778,0,0,1,0
13581319,entity/text/news/tweet/38778,1,0,0,0
8260660,entity/text/news/tweet/38778,0,0,1,0
30326470,entity/text/news/tweet/38778,0,1,0,0
31256687,entity/text/news/tweet/38778,0,1,0,0
19913374,entity/text/news/tweet/38778,0,1,0,0
18990100,entity/text/news/tweet/38778,0,0,1,0
20113482,entity/text/news/tweet/38778,0,1,0,0
23503585,entity/text/news/tweet/38778,0,1,0,0
32292681,entity/text/news/tweet/38778,0,1,0,0
28103910,entity/text/news/tweet/38778,0,1,0,0
24449707,entity/text/news/tweet/38778,0,0,1,0
20043586,entity/text/news/tweet/38778,0,1,0,0
6488338,entity/text/news/tweet/38778,0,0,1,0
20929875,entity/text/news/tweet/38778,0,1,0,0
28351359,entity/text/news/tweet/38778,0,0,1,0
13581319,entity/text/news/tweet/38778,1,0,0,0
8260660,entity/text/news/tweet/38778,0,0,1,0
33386576,entity/text/news/tweet/38778,0,0,0,1
31256687,entity/text/news/tweet/38778,0,1,0,0
19913374,entity/text/news/tweet/38778,0,1,0,0
18990100,entity/text/news/tweet/38778,0,0,1,0
20113482,entity/text/news/tweet/38778,0,1,0,0
23503585,entity/text/news/tweet/38778,0,1,0,0
32292681,entity/text/news/tweet/38778,0,1,0,0
28103910,entity/text/news/tweet/38778,0,1,0,0
24449707,entity/text/news/tweet/38778,0,0,1,0
20043586,entity/text/news/tweet/38778,0,0,1,0
6488338,entity/text/news/tweet/38778,0,0,1,0
28351359,entity/text/news/tweet/38778,0,0,1,0
13581319,entity/text/news/tweet/38778,1,0,0,0
8260660,entity/text/news/tweet/38778,0,0,1,0
30326470,entity/text/news/tweet/38778,0,1,0,0
20929875,entity/text/news/tweet/38778,0,0,1,0
33386576,entity/text/news/tweet/38778,0,0,0,1
30326470,entity/text/news/tweet/38778,0,1,0,0
32352104,entity/text/news/tweet/38778,0,1,0,0
20929875,entity/text/news/tweet/38778,0,0,1,0
11382239,entity/text/news/tweet/38778,0,0,1,0
14353703,entity/text/news/tweet/38778,0,0,1,0
29155723,entity/text/news/tweet/38778,0,0,1,0
3587109,entity/text/news/tweet/38778,0,1,0,0
2143114,entity/text/news/tweet/38778,1,0,0,0
31184650,entity/text/news/tweet/38778,0,1,0,0
29849805,entity/text/news/tweet/38778,0,0,1,0
14086483,entity/text/news/tweet/38778,0,1,0,0
28524232,entity/text/news/tweet/38778,0,0,1,0
29216801,entity/text/news/tweet/38778,0,1,0,0
33565158,entity/text/news/tweet/38778,0,0,1,0
32352104,entity/text/news/tweet/38778,0,0,1,0
11382239,entity/text/news/tweet/38778,0,0,1,0
14353703,entity/text/news/tweet/38778,0,0,1,0
3587109,entity/text/news/tweet/38778,0,1,0,0
2143114,entity/text/news/tweet/38778,0,0,1,0
29155723,entity/text/news/tweet/38778,0,0,1,0
31184650,entity/text/news/tweet/38778,0,1,0,0
29849805,entity/text/news/tweet/38778,0,0,1,0
14086483,entity/text/news/tweet/38778,0,1,0,0
29216801,entity/text/news/tweet/38778,0,1,0,0
31906954,entity/text/news/tweet/38778,0,1,0,0
28524232,entity/text/news/tweet/38778,0,0,1,0
22166359,entity/text/news/tweet/38778,0,0,1,0
33565158,entity/text/news/tweet/38778,0,0,1,0
33271440,entity/text/news/tweet/38778,0,0,0,1
32352104,entity/text/news/tweet/38778,0,1,0,0
11382239,entity/text/news/tweet/38778,0,1,0,0
14353703,entity/text/news/tweet/38778,0,0,1,0
3587109,entity/text/news/tweet/38778,0,1,0,0
2143114,entity/text/news/tweet/38778,0,0,1,0
29155723,entity/text/news/tweet/38778,0,1,0,0
31184650,entity/text/news/tweet/38778,0,1,0,0
29849805,entity/text/news/tweet/38778,0,1,0,0
14086483,entity/text/news/tweet/38778,0,1,0,0
29216801,entity/text/news/tweet/38778,0,1,0,0
31906954,entity/text/news/tweet/38778,0,1,0,0
28524232,entity/text/news/tweet/38778,0,0,1,0
22166359,entity/text/news/tweet/38778,0,1,0,0
33565158,entity/text/news/tweet/38778,0,0,1,0
33271440,entity/text/news/tweet/38778,0,0,0,1
33386576,entity/text/news/tweet/38778,0,0,1,0
30326470,entity/text/news/tweet/38778,0,1,0,0
32352104,entity/text/news/tweet/38778,0,0,0,1
11382239,entity/text/news/tweet/38778,1,0,0,0
14353703,entity/text/news/tweet/38778,0,0,0,1
3587109,entity/text/news/tweet/38778,0,0,0,1
29155723,entity/text/news/tweet/38778,0,1,0,0
2143114,entity/text/news/tweet/38778,0,0,1,0
31184650,entity/text/news/tweet/38778,0,0,0,1
29849805,entity/text/news/tweet/38778,0,0,1,0
14086483,entity/text/news/tweet/38778,0,0,0,1
28524232,entity/text/news/tweet/38778,0,0,1,0
29216801,entity/text/news/tweet/38778,0,0,0,1
31906954,entity/text/news/tweet/38778,0,0,0,1
22166359,entity/text/news/tweet/38778,0,1,0,0
33271440,entity/text/news/tweet/38778,0,0,0,1
31861996,entity/text/news/tweet/38778,0,1,0,0
33761260,entity/text/news/tweet/38778,0,1,0,0
31865609,entity/text/news/tweet/38778,0,1,0,0
29216689,entity/text/news/tweet/38778,0,1,0,0
33294824,entity/text/news/tweet/38778,0,1,0,0
23804661,entity/text/news/tweet/38778,0,1,0,0
31695021,entity/text/news/tweet/38778,0,1,0,0
29216552,entity/text/news/tweet/38778,0,1,0,0
32916723,entity/text/news/tweet/38778,0,1,0,0
31827582,entity/text/news/tweet/38778,0,0,1,0
28513920,entity/text/news/tweet/38778,0,0,0,1
31304413,entity/text/news/tweet/38778,1,0,0,0
33798502,entity/text/news/tweet/38778,0,1,0,0
27934334,entity/text/news/tweet/38778,0,0,0,1
33271440,entity/text/news/tweet/38778,0,0,0,1
31861996,entity/text/news/tweet/38778,0,1,0,0
33761260,entity/text/news/tweet/38778,1,0,0,0
31865609,entity/text/news/tweet/38778,0,1,0,0
29216689,entity/text/news/tweet/38778,0,1,0,0
33294824,entity/text/news/tweet/38778,0,1,0,0
23804661,entity/text/news/tweet/38778,0,1,0,0
31695021,entity/text/news/tweet/38778,0,0,1,0
29216552,entity/text/news/tweet/38778,0,1,0,0
32916723,entity/text/news/tweet/38778,0,1,0,0
31827582,entity/text/news/tweet/38778,0,0,1,0
28513920,entity/text/news/tweet/38778,0,1,0,0
31304413,entity/text/news/tweet/38778,0,0,1,0
33798502,entity/text/news/tweet/38778,0,1,0,0
27934334,entity/text/news/tweet/38778,0,0,0,1
31906954,entity/text/news/tweet/38778,0,1,0,0
22166359,entity/text/news/tweet/38778,0,0,1,0
33565158,entity/text/news/tweet/38778,0,0,1,0
33271440,entity/text/news/tweet/38778,0,0,0,1
33761260,entity/text/news/tweet/38778,1,0,0,0
31861996,entity/text/news/tweet/38778,0,1,0,0
6344072,entity/text/news/tweet/38778,0,0,1,0
31865609,entity/text/news/tweet/38778,0,1,0,0
29216689,entity/text/news/tweet/38778,0,1,0,0
33294824,entity/text/news/tweet/38778,0,1,0,0
23804661,entity/text/news/tweet/38778,0,1,0,0
31695021,entity/text/news/tweet/38778,0,0,1,0
29216552,entity/text/news/tweet/38778,0,1,0,0
32916723,entity/text/news/tweet/38778,0,1,0,0
31827582,entity/text/news/tweet/38778,0,0,1,0
32352104,entity/text/news/tweet/38778,0,0,0,1
11382239,entity/text/news/tweet/38778,0,0,1,0
14353703,entity/text/news/tweet/38778,0,0,1,0
3587109,entity/text/news/tweet/38778,0,1,0,0
2143114,entity/text/news/tweet/38778,1,0,0,0
29155723,entity/text/news/tweet/38778,0,0,1,0
31184650,entity/text/news/tweet/38778,0,1,0,0
29849805,entity/text/news/tweet/38778,0,0,1,0
29216801,entity/text/news/tweet/38778,0,1,0,0
14086483,entity/text/news/tweet/38778,0,1,0,0
31906954,entity/text/news/tweet/38778,0,1,0,0
28524232,entity/text/news/tweet/38778,0,0,1,0
22166359,entity/text/news/tweet/38778,0,0,1,0
33565158,entity/text/news/tweet/38778,0,0,1,0
33271440,entity/text/news/tweet/38778,0,0,0,1
32352104,entity/text/news/tweet/38752,0,1,0,0
11382239,entity/text/news/tweet/38752,1,0,0,0
14353703,entity/text/news/tweet/38752,1,0,0,0
3587109,entity/text/news/tweet/38752,0,1,0,0
2143114,entity/text/news/tweet/38752,0,0,1,0
29155723,entity/text/news/tweet/38752,1,0,0,0
31184650,entity/text/news/tweet/38752,0,1,0,0
29849805,entity/text/news/tweet/38752,0,0,1,0
14086483,entity/text/news/tweet/38752,0,1,0,0
29216801,entity/text/news/tweet/38752,0,1,0,0
31906954,entity/text/news/tweet/38752,0,1,0,0
28524232,entity/text/news/tweet/38752,0,1,0,0
22166359,entity/text/news/tweet/38752,1,0,0,0
33565158,entity/text/news/tweet/38752,1,0,0,0
33271440,entity/text/news/tweet/38752,0,0,0,1
31256687,entity/text/news/tweet/38752,0,1,0,0
19913374,entity/text/news/tweet/38752,0,1,0,0
18990100,entity/text/news/tweet/38752,1,0,0,0
20113482,entity/text/news/tweet/38752,1,0,0,0
23503585,entity/text/news/tweet/38752,0,1,0,0
32292681,entity/text/news/tweet/38752,0,1,0,0
28103910,entity/text/news/tweet/38752,0,1,0,0
24449707,entity/text/news/tweet/38752,1,0,0,0
20043586,entity/text/news/tweet/38752,1,0,0,0
6488338,entity/text/news/tweet/38752,0,0,1,0
20929875,entity/text/news/tweet/38752,1,0,0,0
28351359,entity/text/news/tweet/38752,1,0,0,0
13581319,entity/text/news/tweet/38752,1,0,0,0
8260660,entity/text/news/tweet/38752,0,0,1,0
30326470,entity/text/news/tweet/38752,0,1,0,0
33386576,entity/text/news/tweet/38752,1,0,0,0
30326470,entity/text/news/tweet/38752,0,1,0,0
32352104,entity/text/news/tweet/38752,0,1,0,0
11382239,entity/text/news/tweet/38752,0,0,1,0
14353703,entity/text/news/tweet/38752,0,0,1,0
3587109,entity/text/news/tweet/38752,0,1,0,0
29155723,entity/text/news/tweet/38752,0,1,0,0
2143114,entity/text/news/tweet/38752,0,0,1,0
31184650,entity/text/news/tweet/38752,0,1,0,0
29849805,entity/text/news/tweet/38752,1,0,0,0
14086483,entity/text/news/tweet/38752,0,1,0,0
28524232,entity/text/news/tweet/38752,0,1,0,0
29216801,entity/text/news/tweet/38752,0,1,0,0
31906954,entity/text/news/tweet/38752,0,1,0,0
33565158,entity/text/news/tweet/38752,0,1,0,0
32352104,entity/text/news/tweet/38752,0,1,0,0
11382239,entity/text/news/tweet/38752,0,1,0,0
14353703,entity/text/news/tweet/38752,0,0,1,0
3587109,entity/text/news/tweet/38752,0,1,0,0
29155723,entity/text/news/tweet/38752,0,1,0,0
2143114,entity/text/news/tweet/38752,0,0,1,0
31184650,entity/text/news/tweet/38752,0,1,0,0
29849805,entity/text/news/tweet/38752,0,0,1,0
14086483,entity/text/news/tweet/38752,0,1,0,0
29216801,entity/text/news/tweet/38752,0,1,0,0
28524232,entity/text/news/tweet/38752,1,0,0,0
31906954,entity/text/news/tweet/38752,0,1,0,0
33565158,entity/text/news/tweet/38752,0,1,0,0
22166359,entity/text/news/tweet/38752,0,0,1,0
33271440,entity/text/news/tweet/38752,0,0,0,1
31256687,entity/text/news/tweet/38752,0,1,0,0
19913374,entity/text/news/tweet/38752,0,1,0,0
18990100,entity/text/news/tweet/38752,1,0,0,0
20113482,entity/text/news/tweet/38752,0,1,0,0
23503585,entity/text/news/tweet/38752,0,1,0,0
32292681,entity/text/news/tweet/38752,0,1,0,0
28103910,entity/text/news/tweet/38752,0,1,0,0
24449707,entity/text/news/tweet/38752,1,0,0,0
20929875,entity/text/news/tweet/38752,0,1,0,0
20043586,entity/text/news/tweet/38752,0,0,1,0
6488338,entity/text/news/tweet/38752,0,1,0,0
28351359,entity/text/news/tweet/38752,1,0,0,0
13581319,entity/text/news/tweet/38752,0,0,1,0
8260660,entity/text/news/tweet/38752,0,0,1,0
30326470,entity/text/news/tweet/38752,0,1,0,0
33271440,entity/text/news/tweet/38752,0,0,0,1
31861996,entity/text/news/tweet/38752,0,1,0,0
33761260,entity/text/news/tweet/38752,1,0,0,0
31865609,entity/text/news/tweet/38752,0,1,0,0
29216689,entity/text/news/tweet/38752,0,1,0,0
33294824,entity/text/news/tweet/38752,1,0,0,0
23804661,entity/text/news/tweet/38752,0,1,0,0
31695021,entity/text/news/tweet/38752,1,0,0,0
29216552,entity/text/news/tweet/38752,0,1,0,0
32916723,entity/text/news/tweet/38752,0,1,0,0
31827582,entity/text/news/tweet/38752,1,0,0,0
28513920,entity/text/news/tweet/38752,0,0,0,1
31304413,entity/text/news/tweet/38752,1,0,0,0
33798502,entity/text/news/tweet/38752,0,1,0,0
27934334,entity/text/news/tweet/38752,0,1,0,0
31256687,entity/text/news/tweet/38752,0,1,0,0
19913374,entity/text/news/tweet/38752,0,1,0,0
18990100,entity/text/news/tweet/38752,1,0,0,0
20113482,entity/text/news/tweet/38752,0,1,0,0
23503585,entity/text/news/tweet/38752,0,1,0,0
32292681,entity/text/news/tweet/38752,0,1,0,0
28103910,entity/text/news/tweet/38752,0,1,0,0
24449707,entity/text/news/tweet/38752,1,0,0,0
20043586,entity/text/news/tweet/38752,0,1,0,0
20929875,entity/text/news/tweet/38752,0,1,0,0
6488338,entity/text/news/tweet/38752,0,1,0,0
28351359,entity/text/news/tweet/38752,1,0,0,0
13581319,entity/text/news/tweet/38752,1,0,0,0
8260660,entity/text/news/tweet/38752,0,0,1,0
30326470,entity/text/news/tweet/38752,0,1,0,0
31256687,entity/text/news/tweet/38752,0,1,0,0
19913374,entity/text/news/tweet/38752,0,1,0,0
18990100,entity/text/news/tweet/38752,0,1,0,0
20113482,entity/text/news/tweet/38752,1,0,0,0
23503585,entity/text/news/tweet/38752,0,1,0,0
32292681,entity/text/news/tweet/38752,0,1,0,0
28103910,entity/text/news/tweet/38752,0,1,0,0
24449707,entity/text/news/tweet/38752,1,0,0,0
20043586,entity/text/news/tweet/38752,0,0,1,0
6488338,entity/text/news/tweet/38752,0,0,1,0
20929875,entity/text/news/tweet/38752,1,0,0,0
28351359,entity/text/news/tweet/38752,1,0,0,0
13581319,entity/text/news/tweet/38752,1,0,0,0
8260660,entity/text/news/tweet/38752,0,0,1,0
30326470,entity/text/news/tweet/38752,0,1,0,0
32352104,entity/text/news/tweet/38752,1,0,0,0
11382239,entity/text/news/tweet/38752,1,0,0,0
14353703,entity/text/news/tweet/38752,0,0,1,0
3587109,entity/text/news/tweet/38752,0,1,0,0
2143114,entity/text/news/tweet/38752,0,0,1,0
29155723,entity/text/news/tweet/38752,1,0,0,0
31184650,entity/text/news/tweet/38752,0,1,0,0
29849805,entity/text/news/tweet/38752,0,0,1,0
29216801,entity/text/news/tweet/38752,0,1,0,0
14086483,entity/text/news/tweet/38752,1,0,0,0
31906954,entity/text/news/tweet/38752,0,1,0,0
28524232,entity/text/news/tweet/38752,1,0,0,0
22166359,entity/text/news/tweet/38752,1,0,0,0
33565158,entity/text/news/tweet/38752,1,0,0,0
33271440,entity/text/news/tweet/38752,0,0,0,1
31906954,entity/text/news/tweet/38752,0,1,0,0
22166359,entity/text/news/tweet/38752,1,0,0,0
33565158,entity/text/news/tweet/38752,1,0,0,0
33271440,entity/text/news/tweet/38752,0,0,0,1
33761260,entity/text/news/tweet/38752,1,0,0,0
31861996,entity/text/news/tweet/38752,0,1,0,0
6344072,entity/text/news/tweet/38752,0,1,0,0
31865609,entity/text/news/tweet/38752,0,1,0,0
29216689,entity/text/news/tweet/38752,0,1,0,0
33294824,entity/text/news/tweet/38752,0,1,0,0
23804661,entity/text/news/tweet/38752,0,1,0,0
31695021,entity/text/news/tweet/38752,0,1,0,0
29216552,entity/text/news/tweet/38752,0,1,0,0
32916723,entity/text/news/tweet/38752,0,1,0,0
31827582,entity/text/news/tweet/38752,0,0,1,0
31256687,entity/text/news/tweet/38752,0,1,0,0
19913374,entity/text/news/tweet/38752,0,1,0,0
18990100,entity/text/news/tweet/38752,1,0,0,0
20113482,entity/text/news/tweet/38752,1,0,0,0
23503585,entity/text/news/tweet/38752,0,1,0,0
32292681,entity/text/news/tweet/38752,0,1,0,0
28103910,entity/text/news/tweet/38752,0,1,0,0
24449707,entity/text/news/tweet/38752,1,0,0,0
20043586,entity/text/news/tweet/38752,0,1,0,0
6488338,entity/text/news/tweet/38752,0,1,0,0
28351359,entity/text/news/tweet/38752,1,0,0,0
13581319,entity/text/news/tweet/38752,1,0,0,0
8260660,entity/text/news/tweet/38752,1,0,0,0
20929875,entity/text/news/tweet/38752,0,1,0,0
33386576,entity/text/news/tweet/38752,0,0,0,1
22166359,entity/text/news/tweet/38752,1,0,0,0
33565158,entity/text/news/tweet/38752,0,1,0,0
33271440,entity/text/news/tweet/38752,0,0,0,1
33761260,entity/text/news/tweet/38752,0,0,1,0
31861996,entity/text/news/tweet/38752,0,1,0,0
6344072,entity/text/news/tweet/38752,0,0,1,0
31865609,entity/text/news/tweet/38752,0,1,0,0
29216689,entity/text/news/tweet/38752,0,1,0,0
33294824,entity/text/news/tweet/38752,0,1,0,0
23804661,entity/text/news/tweet/38752,0,1,0,0
31695021,entity/text/news/tweet/38752,0,1,0,0
29216552,entity/text/news/tweet/38752,0,1,0,0
32916723,entity/text/news/tweet/38752,0,1,0,0
31827582,entity/text/news/tweet/38752,0,0,1,0
28513920,entity/text/news/tweet/38752,0,0,0,1
32352104,entity/text/news/tweet/38752,0,1,0,0
11382239,entity/text/news/tweet/38752,0,0,1,0
14353703,entity/text/news/tweet/38752,0,0,1,0
3587109,entity/text/news/tweet/38752,0,1,0,0
29155723,entity/text/news/tweet/38752,0,1,0,0
2143114,entity/text/news/tweet/38752,0,0,1,0
31184650,entity/text/news/tweet/38752,0,1,0,0
29849805,entity/text/news/tweet/38752,0,0,0,1
14086483,entity/text/news/tweet/38752,0,1,0,0
29216801,entity/text/news/tweet/38752,0,1,0,0
28524232,entity/text/news/tweet/38752,0,0,1,0
31906954,entity/text/news/tweet/38752,0,1,0,0
33565158,entity/text/news/tweet/38752,0,1,0,0
22166359,entity/text/news/tweet/38752,1,0,0,0
33271440,entity/text/news/tweet/38752,0,0,0,1
31256687,entity/text/news/tweet/38752,0,1,0,0
19913374,entity/text/news/tweet/38752,0,1,0,0
18990100,entity/text/news/tweet/38752,1,0,0,0
20113482,entity/text/news/tweet/38752,0,1,0,0
23503585,entity/text/news/tweet/38752,0,1,0,0
32292681,entity/text/news/tweet/38752,0,1,0,0
28103910,entity/text/news/tweet/38752,0,1,0,0
24449707,entity/text/news/tweet/38752,1,0,0,0
20043586,entity/text/news/tweet/38752,1,0,0,0
6488338,entity/text/news/tweet/38752,0,1,0,0
28351359,entity/text/news/tweet/38752,1,0,0,0
13581319,entity/text/news/tweet/38752,1,0,0,0
8260660,entity/text/news/tweet/38752,0,0,1,0
33386576,entity/text/news/tweet/38752,1,0,0,0
30326470,entity/text/news/tweet/38752,0,1,0,0
31256687,entity/text/news/tweet/38752,0,1,0,0
19913374,entity/text/news/tweet/38752,0,1,0,0
18990100,entity/text/news/tweet/38752,1,0,0,0
20113482,entity/text/news/tweet/38752,0,1,0,0
23503585,entity/text/news/tweet/38752,0,1,0,0
32292681,entity/text/news/tweet/38752,0,1,0,0
28103910,entity/text/news/tweet/38752,0,1,0,0
24449707,entity/text/news/tweet/38752,1,0,0,0
20043586,entity/text/news/tweet/38752,0,0,1,0
6488338,entity/text/news/tweet/38752,0,0,1,0
28351359,entity/text/news/tweet/38752,0,0,1,0
13581319,entity/text/news/tweet/38752,1,0,0,0
20929875,entity/text/news/tweet/38752,0,1,0,0
8260660,entity/text/news/tweet/38752,0,0,1,0
33386576,entity/text/news/tweet/38752,1,0,0,0
31256687,entity/text/news/tweet/38752,0,1,0,0
19913374,entity/text/news/tweet/38752,0,1,0,0
18990100,entity/text/news/tweet/38752,1,0,0,0
20113482,entity/text/news/tweet/38752,0,0,0,1
23503585,entity/text/news/tweet/38752,0,1,0,0
32292681,entity/text/news/tweet/38752,0,1,0,0
28103910,entity/text/news/tweet/38752,0,1,0,0
24449707,entity/text/news/tweet/38752,1,0,0,0
20043586,entity/text/news/tweet/38752,1,0,0,0
6488338,entity/text/news/tweet/38752,0,1,0,0
28351359,entity/text/news/tweet/38752,1,0,0,0
13581319,entity/text/news/tweet/38752,1,0,0,0
8260660,entity/text/news/tweet/38752,0,0,1,0
20929875,entity/text/news/tweet/38752,1,0,0,0
33386576,entity/text/news/tweet/38752,1,0,0,0
32352104,entity/text/news/tweet/38752,0,1,0,0
11382239,entity/text/news/tweet/38752,1,0,0,0
14353703,entity/text/news/tweet/38752,0,0,1,0
3587109,entity/text/news/tweet/38752,0,1,0,0
2143114,entity/text/news/tweet/38752,0,0,1,0
29155723,entity/text/news/tweet/38752,0,1,0,0
31184650,entity/text/news/tweet/38752,0,1,0,0
29849805,entity/text/news/tweet/38752,0,0,1,0
29216801,entity/text/news/tweet/38752,0,1,0,0
14086483,entity/text/news/tweet/38752,0,1,0,0
31906954,entity/text/news/tweet/38752,0,1,0,0
28524232,entity/text/news/tweet/38752,0,1,0,0
22166359,entity/text/news/tweet/38752,1,0,0,0
33565158,entity/text/news/tweet/38752,1,0,0,0
33271440,entity/text/news/tweet/38752,0,0,0,1
33271440,entity/text/news/tweet/38752,0,0,0,1
31861996,entity/text/news/tweet/38752,0,1,0,0
33761260,entity/text/news/tweet/38752,0,1,0,0
31865609,entity/text/news/tweet/38752,0,1,0,0
29216689,entity/text/news/tweet/38752,0,1,0,0
33294824,entity/text/news/tweet/38752,0,1,0,0
23804661,entity/text/news/tweet/38752,0,1,0,0
31695021,entity/text/news/tweet/38752,0,1,0,0
29216552,entity/text/news/tweet/38752,0,1,0,0
32916723,entity/text/news/tweet/38752,0,1,0,0
31827582,entity/text/news/tweet/38752,0,0,1,0
28513920,entity/text/news/tweet/38752,0,0,0,1
31304413,entity/text/news/tweet/38752,1,0,0,0
33798502,entity/text/news/tweet/38752,0,1,0,0
27934334,entity/text/news/tweet/38752,0,1,0,0
32352104,entity/text/news/tweet/38752,0,1,0,0
11382239,entity/text/news/tweet/38752,0,0,1,0
14353703,entity/text/news/tweet/38752,0,0,1,0
3587109,entity/text/news/tweet/38752,0,1,0,0
2143114,entity/text/news/tweet/38752,0,0,1,0
29155723,entity/text/news/tweet/38752,0,1,0,0
31184650,entity/text/news/tweet/38752,0,1,0,0
29849805,entity/text/news/tweet/38752,1,0,0,0
14086483,entity/text/news/tweet/38752,0,1,0,0
29216801,entity/text/news/tweet/38752,0,1,0,0
31906954,entity/text/news/tweet/38752,0,1,0,0
28524232,entity/text/news/tweet/38752,0,1,0,0
22166359,entity/text/news/tweet/38752,0,0,1,0
33565158,entity/text/news/tweet/38752,0,1,0,0
33271440,entity/text/news/tweet/38752,0,0,0,1
31256687,entity/text/news/tweet/38752,0,1,0,0
19913374,entity/text/news/tweet/38752,0,1,0,0
18990100,entity/text/news/tweet/38752,1,0,0,0
20113482,entity/text/news/tweet/38752,0,1,0,0
23503585,entity/text/news/tweet/38752,0,1,0,0
32292681,entity/text/news/tweet/38752,0,1,0,0
28103910,entity/text/news/tweet/38752,0,1,0,0
24449707,entity/text/news/tweet/38752,0,0,1,0
20043586,entity/text/news/tweet/38752,0,0,1,0
6488338,entity/text/news/tweet/38752,0,0,1,0
28351359,entity/text/news/tweet/38752,0,0,1,0
13581319,entity/text/news/tweet/38752,1,0,0,0
8260660,entity/text/news/tweet/38752,0,0,1,0
30326470,entity/text/news/tweet/38752,0,1,0,0
20929875,entity/text/news/tweet/38752,0,1,0,0
31256687,entity/text/news/tweet/38752,0,1,0,0
19913374,entity/text/news/tweet/38752,0,1,0,0
18990100,entity/text/news/tweet/38752,1,0,0,0
20113482,entity/text/news/tweet/38752,1,0,0,0
23503585,entity/text/news/tweet/38752,0,1,0,0
32292681,entity/text/news/tweet/38752,0,1,0,0
28103910,entity/text/news/tweet/38752,0,1,0,0
24449707,entity/text/news/tweet/38752,1,0,0,0
20929875,entity/text/news/tweet/38752,0,1,0,0
20043586,entity/text/news/tweet/38752,0,1,0,0
6488338,entity/text/news/tweet/38752,0,1,0,0
28351359,entity/text/news/tweet/38752,1,0,0,0
13581319,entity/text/news/tweet/38752,1,0,0,0
8260660,entity/text/news/tweet/38752,0,0,1,0
30326470,entity/text/news/tweet/38752,0,1,0,0
33386576,entity/text/news/tweet/38752,1,0,0,0
30326470,entity/text/news/tweet/38752,0,1,0,0
32352104,entity/text/news/tweet/38752,0,0,0,1
11382239,entity/text/news/tweet/38752,1,0,0,0
14353703,entity/text/news/tweet/38752,0,0,0,1
3587109,entity/text/news/tweet/38752,0,0,0,1
29155723,entity/text/news/tweet/38752,1,0,0,0
2143114,entity/text/news/tweet/38752,0,0,1,0
31184650,entity/text/news/tweet/38752,0,0,0,1
29849805,entity/text/news/tweet/38752,0,0,1,0
14086483,entity/text/news/tweet/38752,0,0,0,1
29216801,entity/text/news/tweet/38752,0,0,0,1
28524232,entity/text/news/tweet/38752,1,0,0,0
31906954,entity/text/news/tweet/38752,0,0,0,1
22166359,entity/text/news/tweet/38752,0,0,1,0
31256687,entity/text/news/tweet/38752,0,1,0,0
19913374,entity/text/news/tweet/38752,0,1,0,0
18990100,entity/text/news/tweet/38752,1,0,0,0
20113482,entity/text/news/tweet/38752,1,0,0,0
23503585,entity/text/news/tweet/38752,0,1,0,0
32292681,entity/text/news/tweet/38752,0,1,0,0
28103910,entity/text/news/tweet/38752,0,1,0,0
24449707,entity/text/news/tweet/38752,0,0,1,0
20043586,entity/text/news/tweet/38752,1,0,0,0
6488338,entity/text/news/tweet/38752,0,1,0,0
28351359,entity/text/news/tweet/38752,0,0,1,0
13581319,entity/text/news/tweet/38752,1,0,0,0
20929875,entity/text/news/tweet/38752,1,0,0,0
8260660,entity/text/news/tweet/38752,0,0,1,0
33386576,entity/text/news/tweet/38752,0,0,1,0
33386576,entity/text/news/tweet/38752,1,0,0,0
30326470,entity/text/news/tweet/38752,0,1,0,0
32352104,entity/text/news/tweet/38752,0,1,0,0
11382239,entity/text/news/tweet/38752,0,0,1,0
14353703,entity/text/news/tweet/38752,0,0,1,0
3587109,entity/text/news/tweet/38752,0,1,0,0
29155723,entity/text/news/tweet/38752,0,1,0,0
2143114,entity/text/news/tweet/38752,0,0,1,0
31184650,entity/text/news/tweet/38752,0,1,0,0
29849805,entity/text/news/tweet/38752,1,0,0,0
14086483,entity/text/news/tweet/38752,0,1,0,0
28524232,entity/text/news/tweet/38752,0,1,0,0
29216801,entity/text/news/tweet/38752,0,1,0,0
31906954,entity/text/news/tweet/38752,0,1,0,0
22166359,entity/text/news/tweet/38752,0,0,1,0
33386576,entity/text/news/tweet/38752,1,0,0,0
30326470,entity/text/news/tweet/38752,0,1,0,0
32352104,entity/text/news/tweet/38752,0,1,0,0
11382239,entity/text/news/tweet/38752,1,0,0,0
14353703,entity/text/news/tweet/38752,0,0,1,0
3587109,entity/text/news/tweet/38752,0,1,0,0
29155723,entity/text/news/tweet/38752,1,0,0,0
2143114,entity/text/news/tweet/38752,0,0,1,0
31184650,entity/text/news/tweet/38752,0,1,0,0
29849805,entity/text/news/tweet/38752,0,0,1,0
14086483,entity/text/news/tweet/38752,0,1,0,0
29216801,entity/text/news/tweet/38752,0,1,0,0
28524232,entity/text/news/tweet/38752,1,0,0,0
31906954,entity/text/news/tweet/38752,0,1,0,0
22166359,entity/text/news/tweet/38752,1,0,0,0
32352104,entity/text/news/tweet/38752,0,0,0,1
11382239,entity/text/news/tweet/38752,1,0,0,0
14353703,entity/text/news/tweet/38752,1,0,0,0
3587109,entity/text/news/tweet/38752,0,1,0,0
2143114,entity/text/news/tweet/38752,0,0,1,0
29155723,entity/text/news/tweet/38752,1,0,0,0
31184650,entity/text/news/tweet/38752,0,1,0,0
29849805,entity/text/news/tweet/38752,1,0,0,0
29216801,entity/text/news/tweet/38752,0,1,0,0
14086483,entity/text/news/tweet/38752,0,1,0,0
31906954,entity/text/news/tweet/38752,0,1,0,0
28524232,entity/text/news/tweet/38752,1,0,0,0
22166359,entity/text/news/tweet/38752,1,0,0,0
33565158,entity/text/news/tweet/38752,1,0,0,0
33271440,entity/text/news/tweet/38752,0,0,0,1
31256687,entity/text/news/tweet/38591,0,1,0,0
19913374,entity/text/news/tweet/38591,0,1,0,0
18990100,entity/text/news/tweet/38591,1,0,0,0
20113482,entity/text/news/tweet/38591,0,0,0,1
23503585,entity/text/news/tweet/38591,0,1,0,0
32292681,entity/text/news/tweet/38591,0,1,0,0
28103910,entity/text/news/tweet/38591,0,1,0,0
24449707,entity/text/news/tweet/38591,1,0,0,0
20043586,entity/text/news/tweet/38591,1,0,0,0
6488338,entity/text/news/tweet/38591,1,0,0,0
20929875,entity/text/news/tweet/38591,1,0,0,0
28351359,entity/text/news/tweet/38591,1,0,0,0
13581319,entity/text/news/tweet/38591,1,0,0,0
8260660,entity/text/news/tweet/38591,1,0,0,0
33386576,entity/text/news/tweet/38591,0,0,1,0
32352104,entity/text/news/tweet/38591,0,1,0,0
11382239,entity/text/news/tweet/38591,1,0,0,0
14353703,entity/text/news/tweet/38591,0,0,1,0
3587109,entity/text/news/tweet/38591,0,1,0,0
2143114,entity/text/news/tweet/38591,0,0,1,0
29155723,entity/text/news/tweet/38591,1,0,0,0
31184650,entity/text/news/tweet/38591,0,1,0,0
29849805,entity/text/news/tweet/38591,0,0,1,0
29216801,entity/text/news/tweet/38591,0,1,0,0
14086483,entity/text/news/tweet/38591,0,1,0,0
31906954,entity/text/news/tweet/38591,0,1,0,0
28524232,entity/text/news/tweet/38591,1,0,0,0
22166359,entity/text/news/tweet/38591,1,0,0,0
33565158,entity/text/news/tweet/38591,1,0,0,0
33271440,entity/text/news/tweet/38591,0,0,0,1
31256687,entity/text/news/tweet/38591,0,1,0,0
19913374,entity/text/news/tweet/38591,0,1,0,0
18990100,entity/text/news/tweet/38591,0,0,1,0
20113482,entity/text/news/tweet/38591,1,0,0,0
23503585,entity/text/news/tweet/38591,0,1,0,0
32292681,entity/text/news/tweet/38591,0,1,0,0
28103910,entity/text/news/tweet/38591,0,1,0,0
24449707,entity/text/news/tweet/38591,0,0,1,0
20043586,entity/text/news/tweet/38591,1,0,0,0
6488338,entity/text/news/tweet/38591,0,1,0,0
28351359,entity/text/news/tweet/38591,1,0,0,0
13581319,entity/text/news/tweet/38591,1,0,0,0
20929875,entity/text/news/tweet/38591,0,0,1,0
8260660,entity/text/news/tweet/38591,1,0,0,0
33386576,entity/text/news/tweet/38591,0,0,1,0
31256687,entity/text/news/tweet/38591,0,1,0,0
19913374,entity/text/news/tweet/38591,0,1,0,0
18990100,entity/text/news/tweet/38591,1,0,0,0
20113482,entity/text/news/tweet/38591,1,0,0,0
23503585,entity/text/news/tweet/38591,0,1,0,0
32292681,entity/text/news/tweet/38591,0,1,0,0
28103910,entity/text/news/tweet/38591,0,1,0,0
24449707,entity/text/news/tweet/38591,1,0,0,0
20043586,entity/text/news/tweet/38591,0,1,0,0
6488338,entity/text/news/tweet/38591,0,1,0,0
28351359,entity/text/news/tweet/38591,1,0,0,0
13581319,entity/text/news/tweet/38591,1,0,0,0
8260660,entity/text/news/tweet/38591,1,0,0,0
33386576,entity/text/news/tweet/38591,0,0,1,0
30326470,entity/text/news/tweet/38591,0,1,0,0
33386576,entity/text/news/tweet/38591,1,0,0,0
30326470,entity/text/news/tweet/38591,0,1,0,0
32352104,entity/text/news/tweet/38591,0,1,0,0
20929875,entity/text/news/tweet/38591,0,1,0,0
11382239,entity/text/news/tweet/38591,1,0,0,0
14353703,entity/text/news/tweet/38591,1,0,0,0
29155723,entity/text/news/tweet/38591,1,0,0,0
3587109,entity/text/news/tweet/38591,0,1,0,0
2143114,entity/text/news/tweet/38591,0,0,1,0
31184650,entity/text/news/tweet/38591,0,1,0,0
29849805,entity/text/news/tweet/38591,0,1,0,0
14086483,entity/text/news/tweet/38591,0,1,0,0
28524232,entity/text/news/tweet/38591,1,0,0,0
29216801,entity/text/news/tweet/38591,0,1,0,0
33565158,entity/text/news/tweet/38591,0,1,0,0
31256687,entity/text/news/tweet/38591,0,1,0,0
19913374,entity/text/news/tweet/38591,0,1,0,0
18990100,entity/text/news/tweet/38591,1,0,0,0
20113482,entity/text/news/tweet/38591,1,0,0,0
23503585,entity/text/news/tweet/38591,0,1,0,0
32292681,entity/text/news/tweet/38591,0,1,0,0
28103910,entity/text/news/tweet/38591,0,1,0,0
24449707,entity/text/news/tweet/38591,1,0,0,0
20043586,entity/text/news/tweet/38591,1,0,0,0
6488338,entity/text/news/tweet/38591,0,1,0,0
28351359,entity/text/news/tweet/38591,1,0,0,0
13581319,entity/text/news/tweet/38591,1,0,0,0
20929875,entity/text/news/tweet/38591,1,0,0,0
8260660,entity/text/news/tweet/38591,0,0,1,0
33386576,entity/text/news/tweet/38591,1,0,0,0